{
  "plan": "docs/FASTLAB_PLAN.md",
  "n_windows": 15,
  "regimes": {
    "sideways": 5,
    "bull": 7,
    "bear": 3
  },
  "spreads": {
    "BTC/USDT": 0.0001,
    "ETH/USDT": 0.0001,
    "SOL/USDT": 0.0002
  },
  "classification": {
    "logreg": {
      "is_bal_acc": 0.4544191451389131,
      "oos_bal_acc": 0.43151266821468465,
      "gap": 0.02290647692422848,
      "oos_per_window": [
        0.478419044388607,
        0.46713945409885005,
        0.38728476338519807,
        0.43153864925046787,
        0.44417922196572435,
        0.40277533293850976,
        0.42753184339127115,
        0.4351516427293971,
        0.4176563111266272,
        0.43564230169406376,
        0.4393043711382605,
        0.43032213442650513,
        0.43340492700610916,
        0.4070955181231599,
        0.4352445075575179
      ]
    },
    "random_forest": {
      "is_bal_acc": 0.49409470794180677,
      "oos_bal_acc": 0.45073476558712017,
      "gap": 0.0433599423546866,
      "oos_per_window": [
        0.49312707097203495,
        0.48161686260910347,
        0.4286841002594685,
        0.44647623517696716,
        0.45116903358891225,
        0.4404919673977701,
        0.4226380497928144,
        0.4608492945348969,
        0.44534584709386477,
        0.4604991396426104,
        0.47818858572135353,
        0.4397071841937345,
        0.4307244361476939,
        0.437824144701394,
        0.4436795319741829
      ]
    },
    "gradient_boosting": {
      "is_bal_acc": 0.34677597891294193,
      "oos_bal_acc": 0.33774515346796874,
      "gap": 0.00903082544497319,
      "oos_per_window": [
        0.3362172013414589,
        0.3373844853569184,
        0.33370524203533153,
        0.3430262069348548,
        0.3397892847113469,
        0.3361095251746842,
        0.3490567373604094,
        0.34516461938885007,
        0.33332202704482633,
        0.33422688938722844,
        0.3356474245753685,
        0.3379002542869087,
        0.33509138425588986,
        0.3333333333333333,
        0.3362026868321231
      ]
    },
    "lstm": {
      "is_bal_acc": 0.4640299442312549,
      "oos_bal_acc": 0.44237450959904734,
      "gap": 0.021655434632207538,
      "oos_per_window": [
        0.48926477208408764,
        0.47388343684618245,
        0.43537483834601876,
        0.43859445081605203,
        0.4437739716370572,
        0.4196425249061049,
        0.41831604104638576,
        0.44494056860510384,
        0.4458749275834843,
        0.4391755714274533,
        0.4588941033870954,
        0.43788238497367926,
        0.42612613346456946,
        0.421974635145333,
        0.44189928371710235
      ]
    },
    "cnn": {
      "is_bal_acc": 0.4690019414352195,
      "oos_bal_acc": 0.440088093564001,
      "gap": 0.02891384787121848,
      "oos_per_window": [
        0.4873900924580828,
        0.4778419347348067,
        0.4216231841102518,
        0.440364801892201,
        0.4525774570189433,
        0.4121460936335611,
        0.4220409547149804,
        0.45397119136593544,
        0.45061075624584673,
        0.4376774338005534,
        0.45210157301065207,
        0.4371581933689881,
        0.40236184537593606,
        0.4167279432040844,
        0.43672794852519115
      ]
    },
    "ensemble": {
      "is_bal_acc": 0.4641683968164229,
      "oos_bal_acc": 0.44335498153291997,
      "gap": 0.020813415283502945,
      "oos_per_window": [
        0.4896405717636039,
        0.4781308015567573,
        0.4326395328878396,
        0.4444971859518323,
        0.45529325074860866,
        0.4255366722568125,
        0.41388082218899974,
        0.451829748024303,
        0.4519399581541546,
        0.4356980474461594,
        0.44343476884303806,
        0.43032213442650513,
        0.4298850677263017,
        0.42493448612410595,
        0.4426616748947774
      ]
    }
  },
  "trading": {
    "ensemble": {
      "n_trades": 8975,
      "profit_factor": 0.22358977083997528,
      "win_rate": 0.1335933147632312,
      "mean_window_return": -0.058130554764891706,
      "positive_windows": 0,
      "t_stat_per_trade": -37.44905466223973,
      "decomposition": {
        "n_trades": 8975,
        "mean_gross_pct": 0.00012166962567140232,
        "mean_fee_pct": 0.0019989766145473544,
        "mean_spread_pct": 0.00014659610027855155,
        "mean_slip_pct": 0.0009984589780386828,
        "mean_total_cost_pct": 0.0031440316928645884,
        "mean_net_pct": -0.0030223620671931866,
        "median_hold_bars": 10.0
      }
    },
    "best_tree": {
      "n_trades": 7904,
      "profit_factor": 0.228841092070082,
      "win_rate": 0.1404352226720648,
      "mean_window_return": -0.05182688377269654,
      "positive_windows": 0,
      "t_stat_per_trade": -34.830847162233404,
      "decomposition": {
        "n_trades": 7904,
        "mean_gross_pct": 9.300499476189825e-05,
        "mean_fee_pct": 0.0019989440963775773,
        "mean_spread_pct": 0.0001504048582995952,
        "mean_slip_pct": 0.0009985037588850956,
        "mean_total_cost_pct": 0.003147852713562268,
        "mean_net_pct": -0.0030548477188003693,
        "median_hold_bars": 10.0
      }
    },
    "best_deep": {
      "n_trades": 10808,
      "profit_factor": 0.20611312807063728,
      "win_rate": 0.12416728349370837,
      "mean_window_return": -0.0696324967040272,
      "positive_windows": 0,
      "t_stat_per_trade": -42.952070095807784,
      "decomposition": {
        "n_trades": 10808,
        "mean_gross_pct": 8.906582330196148e-05,
        "mean_fee_pct": 0.0019989478692728937,
        "mean_spread_pct": 0.00014306069578090308,
        "mean_slip_pct": 0.0009981358546271482,
        "mean_total_cost_pct": 0.0031401444196809455,
        "mean_net_pct": -0.0030510785963789836,
        "median_hold_bars": 10.0
      }
    }
  }
}