{
  "rsi_mean_reversion|BTC/USDT|5m": {
    "total_return": -0.06008435110565746,
    "profit_factor": 0.37577187798949124,
    "sharpe": -5.1023989695674405,
    "sortino": -4.708340830262084,
    "max_drawdown": -0.0609676733725395,
    "win_rate": 0.40569395017793597,
    "n_trades": 281,
    "avg_duration_h": 4.350533807829182,
    "fees": 545.4410510434201,
    "n_windows": 15,
    "positive_windows": 1,
    "positive_window_pct": 0.06666666666666667,
    "windows_traded": 15,
    "is_pf_mean": 0.474998842284,
    "final_equity": 9399.156488943425
  },
  "rsi_mean_reversion|BTC/USDT|15m": {
    "total_return": -0.007585015094672909,
    "profit_factor": 0.8667472250392645,
    "sharpe": -0.6251894513599096,
    "sortino": -0.44802898450364015,
    "max_drawdown": -0.022083949575427253,
    "win_rate": 0.6428571428571429,
    "n_trades": 112,
    "avg_duration_h": 11.026785714285714,
    "fees": 221.50754797551153,
    "n_windows": 15,
    "positive_windows": 7,
    "positive_window_pct": 0.4666666666666667,
    "windows_traded": 15,
    "is_pf_mean": 0.9550981950074753,
    "final_equity": 9924.14984905327
  },
  "rsi_mean_reversion|ETH/USDT|5m": {
    "total_return": -0.07802145825787088,
    "profit_factor": 0.43297333964200957,
    "sharpe": -4.915871439614226,
    "sortino": -4.68024726456418,
    "max_drawdown": -0.07891300498879263,
    "win_rate": 0.4943820224719101,
    "n_trades": 267,
    "avg_duration_h": 4.342696629213483,
    "fees": 512.4828671567425,
    "n_windows": 15,
    "positive_windows": 2,
    "positive_window_pct": 0.13333333333333333,
    "windows_traded": 15,
    "is_pf_mean": 0.5744805806169511,
    "final_equity": 9219.785417421292
  },
  "rsi_mean_reversion|ETH/USDT|15m": {
    "total_return": -0.013088393983518132,
    "profit_factor": 0.8135416964858656,
    "sharpe": -0.8628540881946122,
    "sortino": -0.6619625848044566,
    "max_drawdown": -0.022904108132138657,
    "win_rate": 0.6732673267326733,
    "n_trades": 101,
    "avg_duration_h": 9.207920792079205,
    "fees": 200.79463527778404,
    "n_windows": 15,
    "positive_windows": 3,
    "positive_window_pct": 0.2,
    "windows_traded": 15,
    "is_pf_mean": 0.9396995564587818,
    "final_equity": 9869.116060164819
  },
  "rsi_mean_reversion|SOL/USDT|5m": {
    "total_return": -0.0721280336255804,
    "profit_factor": 0.5070033079670555,
    "sharpe": -4.127070132533752,
    "sortino": -4.026589524805999,
    "max_drawdown": -0.08096052502110244,
    "win_rate": 0.5458015267175572,
    "n_trades": 262,
    "avg_duration_h": 3.6383587786259546,
    "fees": 500.0687835791036,
    "n_windows": 15,
    "positive_windows": 4,
    "positive_window_pct": 0.26666666666666666,
    "windows_traded": 15,
    "is_pf_mean": 0.6433545397665916,
    "final_equity": 9278.719663744196
  },
  "rsi_mean_reversion|SOL/USDT|15m": {
    "total_return": -0.013122241087122344,
    "profit_factor": 0.8316447909070525,
    "sharpe": -0.829161569086628,
    "sortino": -0.6763398512900404,
    "max_drawdown": -0.027355383475463988,
    "win_rate": 0.6491228070175439,
    "n_trades": 114,
    "avg_duration_h": 8.638157894736842,
    "fees": 225.22486681680647,
    "n_windows": 15,
    "positive_windows": 7,
    "positive_window_pct": 0.4666666666666667,
    "windows_traded": 15,
    "is_pf_mean": 1.021671644967527,
    "final_equity": 9868.777589128777
  },
  "rsi_mean_reversion|PORTFOLIO|5m": {
    "total_return": -0.07007794766303632,
    "profit_factor": 0.44698103153028773,
    "sharpe": -6.0960627615110266,
    "sortino": -6.419389172261749,
    "max_drawdown": -0.07104311280473771,
    "win_rate": 0.4802469135802469,
    "n_trades": 810,
    "avg_duration_h": 4.117592592592592,
    "fees": 1557.992701779266,
    "n_windows": 15,
    "positive_windows": 1,
    "positive_window_pct": 0.06666666666666667,
    "windows_traded": 45,
    "is_pf_mean": 0.5642779875558476,
    "final_equity": 9299.220523369637
  },
  "rsi_mean_reversion|PORTFOLIO|15m": {
    "total_return": -0.011265216721771165,
    "profit_factor": 0.8351918349328425,
    "sharpe": -1.0224495197200811,
    "sortino": -0.8965037900024692,
    "max_drawdown": -0.02105862346091643,
    "win_rate": 0.654434250764526,
    "n_trades": 327,
    "avg_duration_h": 9.632262996941895,
    "fees": 647.527050070102,
    "n_windows": 15,
    "positive_windows": 4,
    "positive_window_pct": 0.26666666666666666,
    "windows_traded": 45,
    "is_pf_mean": 0.9721564654779279,
    "final_equity": 9887.347832782289
  }
}