{
  "ma_crossover|BTC/USDT|5m": {
    "total_return": -0.004960729588599833,
    "profit_factor": 0.8022186351993918,
    "sharpe": -0.8563856193171179,
    "sortino": -0.9712167022656026,
    "max_drawdown": -0.010491206929312755,
    "win_rate": 0.3709677419354839,
    "n_trades": 62,
    "avg_duration_h": 4.80241935483871,
    "fees": 124.06576692030953,
    "n_windows": 15,
    "positive_windows": 5,
    "positive_window_pct": 0.3333333333333333,
    "windows_traded": 11,
    "is_pf_mean": 0.7578638881171788,
    "final_equity": 9950.392704114001
  },
  "ma_crossover|BTC/USDT|15m": {
    "total_return": 0.0,
    "profit_factor": 0.0,
    "sharpe": 0.0,
    "sortino": 0.0,
    "max_drawdown": 0.0,
    "win_rate": 0.0,
    "n_trades": 0,
    "avg_duration_h": 0.0,
    "fees": 0.0,
    "n_windows": 15,
    "positive_windows": 0,
    "positive_window_pct": 0.0,
    "windows_traded": 0,
    "is_pf_mean": 0.0,
    "final_equity": 10000.0
  },
  "ma_crossover|ETH/USDT|5m": {
    "total_return": -0.031139887878932515,
    "profit_factor": 0.4984386184016324,
    "sharpe": -2.894815323128348,
    "sortino": -2.5195743987624066,
    "max_drawdown": -0.03763375762745036,
    "win_rate": 0.29333333333333333,
    "n_trades": 75,
    "avg_duration_h": 4.134444444444445,
    "fees": 147.05589795934634,
    "n_windows": 15,
    "positive_windows": 4,
    "positive_window_pct": 0.26666666666666666,
    "windows_traded": 14,
    "is_pf_mean": 0.9873511227122634,
    "final_equity": 9688.601121210675
  },
  "ma_crossover|ETH/USDT|15m": {
    "total_return": 0.0,
    "profit_factor": 0.0,
    "sharpe": 0.0,
    "sortino": 0.0,
    "max_drawdown": 0.0,
    "win_rate": 0.0,
    "n_trades": 0,
    "avg_duration_h": 0.0,
    "fees": 0.0,
    "n_windows": 15,
    "positive_windows": 0,
    "positive_window_pct": 0.0,
    "windows_traded": 0,
    "is_pf_mean": 0.0,
    "final_equity": 10000.0
  },
  "ma_crossover|SOL/USDT|5m": {
    "total_return": -0.04890913731350233,
    "profit_factor": 0.3461427424840208,
    "sharpe": -3.9137545361199413,
    "sortino": -3.0948938920591735,
    "max_drawdown": -0.05394561550383799,
    "win_rate": 0.29069767441860467,
    "n_trades": 86,
    "avg_duration_h": 3.9001937984496124,
    "fees": 167.71085758671325,
    "n_windows": 15,
    "positive_windows": 0,
    "positive_window_pct": 0.0,
    "windows_traded": 15,
    "is_pf_mean": 0.7121763727894075,
    "final_equity": 9510.908626864977
  },
  "ma_crossover|SOL/USDT|15m": {
    "total_return": 0.0,
    "profit_factor": 0.0,
    "sharpe": 0.0,
    "sortino": 0.0,
    "max_drawdown": 0.0,
    "win_rate": 0.0,
    "n_trades": 0,
    "avg_duration_h": 0.0,
    "fees": 0.0,
    "n_windows": 15,
    "positive_windows": 0,
    "positive_window_pct": 0.0,
    "windows_traded": 0,
    "is_pf_mean": 0.0,
    "final_equity": 10000.0
  },
  "rsi_mean_reversion|BTC/USDT|5m": {
    "total_return": -0.049734191171667774,
    "profit_factor": 0.24085029500741534,
    "sharpe": -4.929076655494944,
    "sortino": -3.4960664362817058,
    "max_drawdown": -0.0502809562624836,
    "win_rate": 0.4723926380368098,
    "n_trades": 163,
    "avg_duration_h": 4.140593047034765,
    "fees": 317.3366535888773,
    "n_windows": 15,
    "positive_windows": 1,
    "positive_window_pct": 0.06666666666666667,
    "windows_traded": 15,
    "is_pf_mean": 0.38518593919725636,
    "final_equity": 9502.658088283322
  },
  "rsi_mean_reversion|BTC/USDT|15m": {
    "total_return": -0.005107992746353429,
    "profit_factor": 0.7356468055608211,
    "sharpe": -0.9769996858742758,
    "sortino": -0.5613152051521407,
    "max_drawdown": -0.010833980293832729,
    "win_rate": 0.7090909090909091,
    "n_trades": 55,
    "avg_duration_h": 7.527272727272727,
    "fees": 109.48995589753468,
    "n_windows": 15,
    "positive_windows": 5,
    "positive_window_pct": 0.3333333333333333,
    "windows_traded": 10,
    "is_pf_mean": 0.8208308307430808,
    "final_equity": 9948.920072536466
  },
  "rsi_mean_reversion|ETH/USDT|5m": {
    "total_return": -0.04056694261587512,
    "profit_factor": 0.34214628405938274,
    "sharpe": -3.566924460437548,
    "sortino": -2.2167428037635224,
    "max_drawdown": -0.04317450553715136,
    "win_rate": 0.6014492753623188,
    "n_trades": 138,
    "avg_duration_h": 3.260869565217391,
    "fees": 270.4917361648494,
    "n_windows": 15,
    "positive_windows": 4,
    "positive_window_pct": 0.26666666666666666,
    "windows_traded": 15,
    "is_pf_mean": 0.6095871714912311,
    "final_equity": 9594.33057384125
  },
  "rsi_mean_reversion|ETH/USDT|15m": {
    "total_return": -0.010189008318707837,
    "profit_factor": 0.4547739326753309,
    "sharpe": -2.2145841876914574,
    "sortino": -1.169245754723,
    "max_drawdown": -0.014788945939292265,
    "win_rate": 0.6,
    "n_trades": 25,
    "avg_duration_h": 9.33,
    "fees": 49.685872223136876,
    "n_windows": 15,
    "positive_windows": 1,
    "positive_window_pct": 0.06666666666666667,
    "windows_traded": 6,
    "is_pf_mean": 0.776698035712018,
    "final_equity": 9898.109916812922
  },
  "rsi_mean_reversion|SOL/USDT|5m": {
    "total_return": -0.054609056093424035,
    "profit_factor": 0.4360481348044067,
    "sharpe": -4.105131594159708,
    "sortino": -3.185898739091705,
    "max_drawdown": -0.059771154455196006,
    "win_rate": 0.600896860986547,
    "n_trades": 223,
    "avg_duration_h": 2.8471599402092673,
    "fees": 430.53936875896375,
    "n_windows": 15,
    "positive_windows": 3,
    "positive_window_pct": 0.2,
    "windows_traded": 15,
    "is_pf_mean": 0.4988715828782974,
    "final_equity": 9453.90943906576
  },
  "rsi_mean_reversion|SOL/USDT|15m": {
    "total_return": 0.0025372551360955953,
    "profit_factor": 1.0837748502928395,
    "sharpe": 0.28504013216581725,
    "sortino": 0.18801431133889093,
    "max_drawdown": -0.012391721564747443,
    "win_rate": 0.78125,
    "n_trades": 64,
    "avg_duration_h": 7.375,
    "fees": 127.55458590124447,
    "n_windows": 15,
    "positive_windows": 6,
    "positive_window_pct": 0.4,
    "windows_traded": 11,
    "is_pf_mean": 1.2566687054036292,
    "final_equity": 10025.372551360957
  },
  "breakout|BTC/USDT|5m": {
    "total_return": -0.1154485753708554,
    "profit_factor": 0.3909628167182319,
    "sharpe": -8.649065214906654,
    "sortino": -10.708268781892079,
    "max_drawdown": -0.11650480753233602,
    "win_rate": 0.3002680965147453,
    "n_trades": 373,
    "avg_duration_h": 2.6456657730116175,
    "fees": 703.5485744629132,
    "n_windows": 15,
    "positive_windows": 0,
    "positive_window_pct": 0.0,
    "windows_traded": 15,
    "is_pf_mean": 0.4254798212573876,
    "final_equity": 8845.514246291446
  },
  "breakout|BTC/USDT|15m": {
    "total_return": -0.07412727031174016,
    "profit_factor": 0.32453801581662606,
    "sharpe": -6.317179500164841,
    "sortino": -7.618991362159237,
    "max_drawdown": -0.07742715137402774,
    "win_rate": 0.22916666666666666,
    "n_trades": 144,
    "avg_duration_h": 6.581597222222222,
    "fees": 277.77445452383574,
    "n_windows": 15,
    "positive_windows": 0,
    "positive_window_pct": 0.0,
    "windows_traded": 15,
    "is_pf_mean": 0.5133423615435737,
    "final_equity": 9258.727296882598
  },
  "breakout|ETH/USDT|5m": {
    "total_return": -0.13821299884971305,
    "profit_factor": 0.4369500068412228,
    "sharpe": -8.411905894789777,
    "sortino": -12.247009206377413,
    "max_drawdown": -0.1386471881397424,
    "win_rate": 0.2736318407960199,
    "n_trades": 402,
    "avg_duration_h": 2.720149253731343,
    "fees": 745.5157756097026,
    "n_windows": 15,
    "positive_windows": 1,
    "positive_window_pct": 0.06666666666666667,
    "windows_traded": 15,
    "is_pf_mean": 0.5883567886883184,
    "final_equity": 8617.87001150287
  },
  "breakout|ETH/USDT|15m": {
    "total_return": -0.04255305980536195,
    "profit_factor": 0.6461489054584567,
    "sharpe": -2.335249118481629,
    "sortino": -3.786344207551903,