{
  "ma_crossover|BTC/USDT|5m": {
    "total_return": -0.0935031881240932,
    "profit_factor": 0.37287037029079984,
    "sharpe": -6.535665769059238,
    "sortino": -8.212996594350104,
    "max_drawdown": -0.09449226864795193,
    "win_rate": 0.20863309352517986,
    "n_trades": 278,
    "avg_duration_h": 3.9532374100719423,
    "fees": 529.8248612401292,
    "n_windows": 15,
    "positive_windows": 0,
    "positive_window_pct": 0.0,
    "windows_traded": 15,
    "is_pf_mean": 0.5638636149625857,
    "final_equity": 9064.968118759069
  },
  "ma_crossover|BTC/USDT|15m": {
    "total_return": -0.027900269706993663,
    "profit_factor": 0.6664406010704289,
    "sharpe": -2.147404086423853,
    "sortino": -2.473046557504106,
    "max_drawdown": -0.02985953695188888,
    "win_rate": 0.31746031746031744,
    "n_trades": 126,
    "avg_duration_h": 8.458333333333334,
    "fees": 248.3644612777596,
    "n_windows": 15,
    "positive_windows": 5,
    "positive_window_pct": 0.3333333333333333,
    "windows_traded": 15,
    "is_pf_mean": 0.9917815172460857,
    "final_equity": 9720.997302930064
  },
  "ma_crossover|ETH/USDT|5m": {
    "total_return": -0.10280995964343964,
    "profit_factor": 0.43442070316880904,
    "sharpe": -6.089547050325227,
    "sortino": -8.302627535542053,
    "max_drawdown": -0.1099587693903786,
    "win_rate": 0.22491349480968859,
    "n_trades": 289,
    "avg_duration_h": 3.841118800461361,
    "fees": 549.5245863719834,
    "n_windows": 15,
    "positive_windows": 1,
    "positive_window_pct": 0.06666666666666667,
    "windows_traded": 15,
    "is_pf_mean": 0.7144171085040921,
    "final_equity": 8971.900403565603
  },
  "ma_crossover|ETH/USDT|15m": {
    "total_return": -0.010005213909969446,
    "profit_factor": 0.8526062807424433,
    "sharpe": -0.7334365267154082,
    "sortino": -0.8125598128244101,
    "max_drawdown": -0.01925923180549251,
    "win_rate": 0.4111111111111111,
    "n_trades": 90,
    "avg_duration_h": 6.638888888888889,
    "fees": 178.71051959362129,
    "n_windows": 15,
    "positive_windows": 4,
    "positive_window_pct": 0.26666666666666666,
    "windows_traded": 15,
    "is_pf_mean": 1.988165229289235,
    "final_equity": 9899.947860900305
  },
  "ma_crossover|SOL/USDT|5m": {
    "total_return": -0.08024297412182058,
    "profit_factor": 0.5951359288425625,
    "sharpe": -4.023754062872705,
    "sortino": -4.619671235520478,
    "max_drawdown": -0.08775917684781041,
    "win_rate": 0.3059210526315789,
    "n_trades": 304,
    "avg_duration_h": 3.5841557017543857,
    "fees": 583.5431951187903,
    "n_windows": 15,
    "positive_windows": 2,
    "positive_window_pct": 0.13333333333333333,
    "windows_traded": 15,
    "is_pf_mean": 0.760822815044452,
    "final_equity": 9197.570258781794
  },
  "ma_crossover|SOL/USDT|15m": {
    "total_return": -0.06146547976026229,
    "profit_factor": 0.5082519820824901,
    "sharpe": -3.768476910651931,
    "sortino": -4.157644565461872,
    "max_drawdown": -0.06828120701438929,
    "win_rate": 0.3548387096774194,
    "n_trades": 124,
    "avg_duration_h": 6.191532258064516,
    "fees": 240.42128755784134,
    "n_windows": 15,
    "positive_windows": 4,
    "positive_window_pct": 0.26666666666666666,
    "windows_traded": 15,
    "is_pf_mean": 1.0823726396950597,
    "final_equity": 9385.345202397377
  },
  "rsi_mean_reversion|BTC/USDT|5m": {
    "total_return": -0.09874210463621169,
    "profit_factor": 0.5449849644170749,
    "sharpe": -4.0998528152271545,
    "sortino": -4.27628810476144,
    "max_drawdown": -0.10455094258758764,
    "win_rate": 0.6031746031746031,
    "n_trades": 252,
    "avg_duration_h": 12.35218253968254,
    "fees": 474.907362641183,
    "n_windows": 15,
    "positive_windows": 2,
    "positive_window_pct": 0.13333333333333333,
    "windows_traded": 15,
    "is_pf_mean": 0.7223264075767472,
    "final_equity": 9012.578953637883
  },
  "rsi_mean_reversion|BTC/USDT|15m": {
    "total_return": -0.05431009413264798,
    "profit_factor": 0.6877236309443949,
    "sharpe": -2.212516509913308,
    "sortino": -2.0092587342727595,
    "max_drawdown": -0.07164740485016338,
    "win_rate": 0.6446700507614214,
    "n_trades": 197,
    "avg_duration_h": 13.506345177664974,
    "fees": 379.9725630694576,
    "n_windows": 15,
    "positive_windows": 6,
    "positive_window_pct": 0.4,
    "windows_traded": 15,
    "is_pf_mean": 0.8580766100618802,
    "final_equity": 9456.89905867352
  },
  "rsi_mean_reversion|ETH/USDT|5m": {
    "total_return": -0.11055316920461666,
    "profit_factor": 0.6414855810788317,
    "sharpe": -3.588094529948802,
    "sortino": -3.781664444891829,
    "max_drawdown": -0.12003161979068089,
    "win_rate": 0.6227544910179641,
    "n_trades": 334,
    "avg_duration_h": 8.281686626746508,
    "fees": 621.1985173109113,
    "n_windows": 15,
    "positive_windows": 1,
    "positive_window_pct": 0.06666666666666667,
    "windows_traded": 15,
    "is_pf_mean": 0.7496149248167775,
    "final_equity": 8894.468307953834
  },
  "rsi_mean_reversion|ETH/USDT|15m": {
    "total_return": -0.12513105383120204,
    "profit_factor": 0.6014313774330345,
    "sharpe": -3.8893383410381053,
    "sortino": -3.81878318788977,
    "max_drawdown": -0.1296041644413311,
    "win_rate": 0.6153846153846154,
    "n_trades": 312,
    "avg_duration_h": 8.407852564102564,
    "fees": 579.7470667875037,
    "n_windows": 15,
    "positive_windows": 1,
    "positive_window_pct": 0.06666666666666667,
    "windows_traded": 15,
    "is_pf_mean": 0.7909882959089276,
    "final_equity": 8748.68946168798
  },
  "rsi_mean_reversion|SOL/USDT|5m": {
    "total_return": -0.08668798345690687,
    "profit_factor": 0.7074882739366487,
    "sharpe": -2.8028744200605105,
    "sortino": -2.941099648974683,
    "max_drawdown": -0.10589988348852165,
    "win_rate": 0.6303724928366762,
    "n_trades": 349,
    "avg_duration_h": 6.666666666666667,
    "fees": 662.5953145614244,
    "n_windows": 15,
    "positive_windows": 5,
    "positive_window_pct": 0.3333333333333333,
    "windows_traded": 15,
    "is_pf_mean": 0.7902634800858821,
    "final_equity": 9133.120165430932
  },
  "rsi_mean_reversion|SOL/USDT|15m": {
    "total_return": -0.10517945801351014,
    "profit_factor": 0.617557305273675,
    "sharpe": -3.549264216612957,
    "sortino": -3.5392061118818012,
    "max_drawdown": -0.1164186294299065,
    "win_rate": 0.6268656716417911,
    "n_trades": 268,
    "avg_duration_h": 8.094216417910447,
    "fees": 505.2602627675392,
    "n_windows": 15,
    "positive_windows": 2,
    "positive_window_pct": 0.13333333333333333,
    "windows_traded": 15,
    "is_pf_mean": 0.824995508843757,
    "final_equity": 8948.205419864898
  },
  "breakout|BTC/USDT|5m": {
    "total_return": -0.23060731235059695,
    "profit_factor": 0.3106372995557718,
    "sharpe": -15.43987739131916,
    "sortino": -19.317865959533652,
    "max_drawdown": -0.23203608838865802,
    "win_rate": 0.27586206896551724,
    "n_trades": 725,
    "avg_duration_h": 2.4127586206896554,
    "fees": 1275.1760881709777,
    "n_windows": 15,
    "positive_windows": 0,
    "positive_window_pct": 0.0,
    "windows_traded": 15,
    "is_pf_mean": 0.35259095415919683,
    "final_equity": 7693.926876494031
  },
  "breakout|BTC/USDT|15m": {
    "total_return": -0.10186481341829567,
    "profit_factor": 0.4713231202272003,
    "sharpe": -6.015578759716711,
    "sortino": -9.444181024264134,
    "max_drawdown": -0.10565981966632196,
    "win_rate": 0.2876712328767123,
    "n_trades": 292,
    "avg_duration_h": 6.56763698630137,
    "fees": 555.0506812396616,
    "n_windows": 15,
    "positive_windows": 1,
    "positive_window_pct": 0.06666666666666667,
    "windows_traded": 15,
    "is_pf_mean": 0.5616092899846408,
    "final_equity": 8981.351865817043
  },
  "breakout|ETH/USDT|5m": {
    "total_return": -0.2057479266807717,
    "profit_factor": 0.4572372506495303,
    "sharpe": -9.766175395888808,
    "sortino": -14.883907877396673,