{
  "ma_crossover|BTC/USDT|5m": {
    "total_return": -0.004960729588599833,
    "profit_factor": 0.8022186351993918,
    "sharpe": -0.8563856193171179,
    "sortino": -0.9712167022656026,
    "max_drawdown": -0.010491206929312755,
    "win_rate": 0.3709677419354839,
    "n_trades": 62,
    "avg_duration_h": 4.80241935483871,
    "fees": 124.06576692030953,
    "n_windows": 15,
    "positive_windows": 5,
    "positive_window_pct": 0.3333333333333333,
    "windows_traded": 11,
    "is_pf_mean": 0.7578638881171788,
    "final_equity": 9950.392704114001
  },
  "ma_crossover|BTC/USDT|15m": {
    "total_return": 0.0,
    "profit_factor": 0.0,
    "sharpe": 0.0,
    "sortino": 0.0,
    "max_drawdown": 0.0,
    "win_rate": 0.0,
    "n_trades": 0,
    "avg_duration_h": 0.0,
    "fees": 0.0,
    "n_windows": 15,
    "positive_windows": 0,
    "positive_window_pct": 0.0,
    "windows_traded": 0,
    "is_pf_mean": 0.0,
    "final_equity": 10000.0
  },
  "ma_crossover|ETH/USDT|5m": {
    "total_return": -0.031139887878932515,
    "profit_factor": 0.4984386184016324,
    "sharpe": -2.894815323128348,
    "sortino": -2.5195743987624066,
    "max_drawdown": -0.03763375762745036,
    "win_rate": 0.29333333333333333,
    "n_trades": 75,
    "avg_duration_h": 4.134444444444445,
    "fees": 147.05589795934634,
    "n_windows": 15,
    "positive_windows": 4,
    "positive_window_pct": 0.26666666666666666,
    "windows_traded": 14,
    "is_pf_mean": 0.9873511227122634,
    "final_equity": 9688.601121210675
  },
  "ma_crossover|ETH/USDT|15m": {
    "total_return": 0.0,
    "profit_factor": 0.0,
    "sharpe": 0.0,
    "sortino": 0.0,
    "max_drawdown": 0.0,
    "win_rate": 0.0,
    "n_trades": 0,
    "avg_duration_h": 0.0,
    "fees": 0.0,
    "n_windows": 15,
    "positive_windows": 0,
    "positive_window_pct": 0.0,
    "windows_traded": 0,
    "is_pf_mean": 0.0,
    "final_equity": 10000.0
  },
  "ma_crossover|SOL/USDT|5m": {
    "total_return": -0.04890913731350233,
    "profit_factor": 0.3461427424840208,
    "sharpe": -3.9137545361199413,
    "sortino": -3.0948938920591735,
    "max_drawdown": -0.05394561550383799,
    "win_rate": 0.29069767441860467,
    "n_trades": 86,
    "avg_duration_h": 3.9001937984496124,
    "fees": 167.71085758671325,
    "n_windows": 15,
    "positive_windows": 0,
    "positive_window_pct": 0.0,
    "windows_traded": 15,
    "is_pf_mean": 0.7121763727894075,
    "final_equity": 9510.908626864977
  },
  "ma_crossover|SOL/USDT|15m": {
    "total_return": 0.0,
    "profit_factor": 0.0,
    "sharpe": 0.0,
    "sortino": 0.0,
    "max_drawdown": 0.0,
    "win_rate": 0.0,
    "n_trades": 0,
    "avg_duration_h": 0.0,
    "fees": 0.0,
    "n_windows": 15,
    "positive_windows": 0,
    "positive_window_pct": 0.0,
    "windows_traded": 0,
    "is_pf_mean": 0.0,
    "final_equity": 10000.0
  },
  "rsi_mean_reversion|BTC/USDT|5m": {
    "total_return": 0.0,
    "profit_factor": 0.0,
    "sharpe": 0.0,
    "sortino": 0.0,
    "max_drawdown": 0.0,
    "win_rate": 0.0,
    "n_trades": 0,
    "avg_duration_h": 0.0,
    "fees": 0.0,
    "n_windows": 15,
    "positive_windows": 0,
    "positive_window_pct": 0.0,
    "windows_traded": 0,
    "is_pf_mean": 0.0,
    "final_equity": 10000.0
  },
  "rsi_mean_reversion|BTC/USDT|15m": {
    "total_return": 0.0,
    "profit_factor": 0.0,
    "sharpe": 0.0,
    "sortino": 0.0,
    "max_drawdown": 0.0,
    "win_rate": 0.0,
    "n_trades": 0,
    "avg_duration_h": 0.0,
    "fees": 0.0,
    "n_windows": 15,
    "positive_windows": 0,
    "positive_window_pct": 0.0,
    "windows_traded": 0,
    "is_pf_mean": 0.0,
    "final_equity": 10000.0
  },
  "rsi_mean_reversion|ETH/USDT|5m": {
    "total_return": -0.002975682502296184,
    "profit_factor": 0.763622710033078,
    "sharpe": -0.7733899937122828,
    "sortino": -0.34170032446608856,
    "max_drawdown": -0.006298506754924126,
    "win_rate": 0.5909090909090909,
    "n_trades": 22,
    "avg_duration_h": 4.106060606060606,
    "fees": 44.02198084111921,
    "n_windows": 15,
    "positive_windows": 2,
    "positive_window_pct": 0.13333333333333333,
    "windows_traded": 7,
    "is_pf_mean": 0.6301184483383139,
    "final_equity": 9970.243174977039
  },
  "rsi_mean_reversion|ETH/USDT|15m": {
    "total_return": 0.00014473470944853517,
    "profit_factor": 1.0489959532880417,
    "sharpe": 0.168143364297234,
    "sortino": 0.0,
    "max_drawdown": -0.0033466822587572315,
    "win_rate": 0.6666666666666666,
    "n_trades": 3,
    "avg_duration_h": 15.583333333333334,
    "fees": 5.9987263636073855,
    "n_windows": 15,
    "positive_windows": 1,
    "positive_window_pct": 0.06666666666666667,
    "windows_traded": 1,
    "is_pf_mean": 0.9517353645328959,
    "final_equity": 10001.447347094485
  },
  "rsi_mean_reversion|SOL/USDT|5m": {
    "total_return": -0.02034466903703147,
    "profit_factor": 0.5546773992299675,
    "sharpe": -2.3045480278983144,
    "sortino": -1.6291363024799963,
    "max_drawdown": -0.03257472906917995,
    "win_rate": 0.5098039215686274,
    "n_trades": 51,
    "avg_duration_h": 3.5620915032679736,
    "fees": 100.71196532196666,
    "n_windows": 15,
    "positive_windows": 4,
    "positive_window_pct": 0.26666666666666666,
    "windows_traded": 10,
    "is_pf_mean": 1.104390655934882,
    "final_equity": 9796.553309629686
  },
  "rsi_mean_reversion|SOL/USDT|15m": {
    "total_return": 0.007257098445803578,
    "profit_factor": 18.636112068757672,
    "sharpe": 8.031062260545722,
    "sortino": 11.477501156357686,
    "max_drawdown": -0.0035852789359182916,
    "win_rate": 0.8571428571428571,
    "n_trades": 7,
    "avg_duration_h": 7.642857142857143,
    "fees": 14.127410793184437,
    "n_windows": 15,
    "positive_windows": 1,
    "positive_window_pct": 0.06666666666666667,
    "windows_traded": 1,
    "is_pf_mean": 2.8051398849926774,
    "final_equity": 10072.570984458036
  },
  "breakout|BTC/USDT|5m": {
    "total_return": -0.1154485753708554,
    "profit_factor": 0.3909628167182319,
    "sharpe": -8.649065214906654,
    "sortino": -10.708268781892079,
    "max_drawdown": -0.11650480753233602,
    "win_rate": 0.3002680965147453,
    "n_trades": 373,
    "avg_duration_h": 2.6456657730116175,
    "fees": 703.5485744629132,
    "n_windows": 15,
    "positive_windows": 0,
    "positive_window_pct": 0.0,
    "windows_traded": 15,
    "is_pf_mean": 0.4254798212573876,
    "final_equity": 8845.514246291446
  },
  "breakout|BTC/USDT|15m": {
    "total_return": -0.07412727031174016,
    "profit_factor": 0.32453801581662606,
    "sharpe": -6.317179500164841,
    "sortino": -7.618991362159237,
    "max_drawdown": -0.07742715137402774,
    "win_rate": 0.22916666666666666,
    "n_trades": 144,
    "avg_duration_h": 6.581597222222222,
    "fees": 277.77445452383574,
    "n_windows": 15,
    "positive_windows": 0,
    "positive_window_pct": 0.0,
    "windows_traded": 15,
    "is_pf_mean": 0.5133423615435737,
    "final_equity": 9258.727296882598
  },
  "breakout|ETH/USDT|5m": {
    "total_return": -0.13821299884971305,
    "profit_factor": 0.4369500068412228,
    "sharpe": -8.411905894789777,
    "sortino": -12.247009206377413,
    "max_drawdown": -0.1386471881397424,
    "win_rate": 0.2736318407960199,
    "n_trades": 402,
    "avg_duration_h": 2.720149253731343,
    "fees": 745.5157756097026,
    "n_windows": 15,
    "positive_windows": 1,
    "positive_window_pct": 0.06666666666666667,
    "windows_traded": 15,
    "is_pf_mean": 0.5883567886883184,
    "final_equity": 8617.87001150287
  },
  "breakout|ETH/USDT|15m": {
    "total_return": -0.04255305980536195,
    "profit_factor": 0.6461489054584567,
    "sharpe": -2.335249118481629,
    "sortino": -3.786344207551903,
    "max_drawdown": -0.05186138695537089,
    "win_rate": 0.31007751937984496,
    "n_trades": 129,
    "avg_duration_h": 8.352713178294573,
    "fees": 253.45314930754049,
    "n_windows": 15,
    "positive_windows": 4,
    "positive_window_pct": 0.26666666666666666,