{
  "ma_crossover|BTC/USDT|5m": {
    "total_return": -0.04850640055283095,
    "profit_factor": 0.4903232727065925,
    "sharpe": -3.7943962628529277,
    "sortino": -4.8090799396090995,
    "max_drawdown": -0.05265706796850941,
    "win_rate": 0.2598870056497175,
    "n_trades": 177,
    "avg_duration_h": 5.261299435028248,
    "fees": 346.7809812225359,
    "n_windows": 15,
    "positive_windows": 2,
    "positive_window_pct": 0.13333333333333333,
    "windows_traded": 15,
    "is_pf_mean": 0.7165540811644917,
    "final_equity": 9514.93599447169
  },
  "ma_crossover|BTC/USDT|15m": {
    "total_return": -0.01945369673808295,
    "profit_factor": 0.6789632368599314,
    "sharpe": -1.7745691504016785,
    "sortino": -1.7575077557884677,
    "max_drawdown": -0.02313042618744089,
    "win_rate": 0.3333333333333333,
    "n_trades": 90,
    "avg_duration_h": 7.325,
    "fees": 177.58978003483801,
    "n_windows": 15,
    "positive_windows": 5,
    "positive_window_pct": 0.3333333333333333,
    "windows_traded": 14,
    "is_pf_mean": 0.7692617081933436,
    "final_equity": 9805.463032619171
  },
  "ma_crossover|ETH/USDT|5m": {
    "total_return": -0.0781782430650193,
    "profit_factor": 0.4583228490266077,
    "sharpe": -4.800605087783325,
    "sortino": -5.799730999631994,
    "max_drawdown": -0.08419068999843658,
    "win_rate": 0.2606837606837607,
    "n_trades": 234,
    "avg_duration_h": 3.7403846153846154,
    "fees": 449.2799140296875,
    "n_windows": 15,
    "positive_windows": 1,
    "positive_window_pct": 0.06666666666666667,
    "windows_traded": 15,
    "is_pf_mean": 1.0041606166694743,
    "final_equity": 9218.217569349807
  },
  "ma_crossover|ETH/USDT|15m": {
    "total_return": -0.024974566570658108,
    "profit_factor": 0.6464040516908137,
    "sharpe": -2.0203778542457833,
    "sortino": -2.0823267859659156,
    "max_drawdown": -0.03120997172328828,
    "win_rate": 0.3373493975903614,
    "n_trades": 83,
    "avg_duration_h": 5.843373493975903,
    "fees": 164.26866688769843,
    "n_windows": 15,
    "positive_windows": 3,
    "positive_window_pct": 0.2,
    "windows_traded": 15,
    "is_pf_mean": 0.9327651210485745,
    "final_equity": 9750.254334293419
  },
  "ma_crossover|SOL/USDT|5m": {
    "total_return": -0.06261758353976532,
    "profit_factor": 0.5629901981096905,
    "sharpe": -3.9048608591939606,
    "sortino": -4.711932837781064,
    "max_drawdown": -0.07088326661020691,
    "win_rate": 0.2946859903381642,
    "n_trades": 207,
    "avg_duration_h": 3.5986312399355875,
    "fees": 400.77182940779653,
    "n_windows": 15,
    "positive_windows": 0,
    "positive_window_pct": 0.0,
    "windows_traded": 15,
    "is_pf_mean": 0.8037679194380625,
    "final_equity": 9373.824164602347
  },
  "ma_crossover|SOL/USDT|15m": {
    "total_return": -0.04030959417351465,
    "profit_factor": 0.5360325716416432,
    "sharpe": -3.106250158205839,
    "sortino": -3.136011108028885,
    "max_drawdown": -0.04674485724647132,
    "win_rate": 0.3563218390804598,
    "n_trades": 87,
    "avg_duration_h": 5.64367816091954,
    "fees": 170.67543173614035,
    "n_windows": 15,
    "positive_windows": 5,
    "positive_window_pct": 0.3333333333333333,
    "windows_traded": 15,
    "is_pf_mean": 0.8033228917807727,
    "final_equity": 9596.904058264854
  },
  "rsi_mean_reversion|BTC/USDT|5m": {
    "total_return": -0.06701754037005392,
    "profit_factor": 0.2619727437843479,
    "sharpe": -6.151298597996193,
    "sortino": -5.137968449232635,
    "max_drawdown": -0.06734765270109165,
    "win_rate": 0.4568345323741007,
    "n_trades": 278,
    "avg_duration_h": 3.828836930455636,
    "fees": 536.1998560992234,
    "n_windows": 15,
    "positive_windows": 1,
    "positive_window_pct": 0.06666666666666667,
    "windows_traded": 15,
    "is_pf_mean": 0.3186124017323103,
    "final_equity": 9329.82459629946
  },
  "rsi_mean_reversion|BTC/USDT|15m": {
    "total_return": -0.017619556631153,
    "profit_factor": 0.619417476836071,
    "sharpe": -1.835300576074282,
    "sortino": -1.1079028816862468,
    "max_drawdown": -0.022908269611219646,
    "win_rate": 0.725,
    "n_trades": 120,
    "avg_duration_h": 7.377083333333333,
    "fees": 236.9310984309242,
    "n_windows": 15,
    "positive_windows": 5,
    "positive_window_pct": 0.3333333333333333,
    "windows_traded": 15,
    "is_pf_mean": 0.6449725135518138,
    "final_equity": 9823.80443368847
  },
  "rsi_mean_reversion|ETH/USDT|5m": {
    "total_return": -0.061700680194148316,
    "profit_factor": 0.3721282743974391,
    "sharpe": -4.832029400276422,
    "sortino": -3.8590593421197843,
    "max_drawdown": -0.06239347015547928,
    "win_rate": 0.6091954022988506,
    "n_trades": 261,
    "avg_duration_h": 3.162196679438059,
    "fees": 505.3797287579058,
    "n_windows": 15,
    "positive_windows": 1,
    "positive_window_pct": 0.06666666666666667,
    "windows_traded": 15,
    "is_pf_mean": 0.4450252472604561,
    "final_equity": 9382.993198058517
  },
  "rsi_mean_reversion|ETH/USDT|15m": {
    "total_return": -0.014979742844050126,
    "profit_factor": 0.7141000996146444,
    "sharpe": -1.2287264395807231,
    "sortino": -0.7789197695862089,
    "max_drawdown": -0.020545887648321666,
    "win_rate": 0.7714285714285715,
    "n_trades": 105,
    "avg_duration_h": 6.764285714285714,
    "fees": 208.29449116592878,
    "n_windows": 15,
    "positive_windows": 5,
    "positive_window_pct": 0.3333333333333333,
    "windows_traded": 15,
    "is_pf_mean": 0.7695153115511573,
    "final_equity": 9850.2025715595
  },
  "rsi_mean_reversion|SOL/USDT|5m": {
    "total_return": -0.07638405634300838,
    "profit_factor": 0.3927214058946069,
    "sharpe": -4.993943156382016,
    "sortino": -4.364603448581575,
    "max_drawdown": -0.08085546144015496,
    "win_rate": 0.6185185185185185,
    "n_trades": 270,
    "avg_duration_h": 2.955246913580247,
    "fees": 514.9389561303389,
    "n_windows": 15,
    "positive_windows": 3,
    "positive_window_pct": 0.2,
    "windows_traded": 15,
    "is_pf_mean": 0.4739828889550263,
    "final_equity": 9236.159436569917
  },
  "rsi_mean_reversion|SOL/USDT|15m": {
    "total_return": -0.0038004192169408535,
    "profit_factor": 0.9335532276174356,
    "sharpe": -0.2766746504853649,
    "sortino": -0.19829231303781017,
    "max_drawdown": -0.01942039577289323,
    "win_rate": 0.743801652892562,
    "n_trades": 121,
    "avg_duration_h": 6.886363636363637,
    "fees": 239.89087044128715,
    "n_windows": 15,
    "positive_windows": 7,
    "positive_window_pct": 0.4666666666666667,
    "windows_traded": 15,
    "is_pf_mean": 1.07834547493507,
    "final_equity": 9961.995807830592
  },
  "breakout|BTC/USDT|5m": {
    "total_return": -0.19724365209567263,
    "profit_factor": 0.3012632123465738,
    "sharpe": -13.731477765966217,
    "sortino": -17.29103781776568,
    "max_drawdown": -0.1991233483344656,
    "win_rate": 0.2688356164383562,
    "n_trades": 584,
    "avg_duration_h": 2.494720319634703,
    "fees": 1048.2434452547157,
    "n_windows": 15,
    "positive_windows": 0,
    "positive_window_pct": 0.0,
    "windows_traded": 15,
    "is_pf_mean": 0.3503155274039996,
    "final_equity": 8027.563479043274
  },
  "breakout|BTC/USDT|15m": {
    "total_return": -0.09039120060680217,
    "profit_factor": 0.4361996821311438,
    "sharpe": -6.126324450569085,
    "sortino": -8.377764417985164,
    "max_drawdown": -0.09277662403155652,
    "win_rate": 0.3048780487804878,
    "n_trades": 246,
    "avg_duration_h": 6.019308943089431,
    "fees": 469.6757058942028,
    "n_windows": 15,
    "positive_windows": 1,
    "positive_window_pct": 0.06666666666666667,
    "windows_traded": 15,
    "is_pf_mean": 0.5312015001227816,
    "final_equity": 9096.087993931978
  },
  "breakout|ETH/USDT|5m": {
    "total_return": -0.1822622650662824,
    "profit_factor": 0.4596691058169594,
    "sharpe": -8.839278955172091,
    "sortino": -12.596771858753467,
    "max_drawdown": -0.18583237419008797,