{
  "ma_crossover|BTC/USDT|5m": {
    "total_return": -0.004960729588599833,
    "profit_factor": 0.8022186351993918,
    "sharpe": -0.8563856193171179,
    "sortino": -0.9712167022656026,
    "max_drawdown": -0.010491206929312755,
    "win_rate": 0.3709677419354839,
    "n_trades": 62,
    "avg_duration_h": 4.80241935483871,
    "fees": 124.06576692030953,
    "n_windows": 15,
    "positive_windows": 5,
    "positive_window_pct": 0.3333333333333333,
    "windows_traded": 11,
    "is_pf_mean": 0.7578638881171788,
    "final_equity": 9950.392704114001
  },
  "ma_crossover|BTC/USDT|15m": {
    "total_return": 0.0,
    "profit_factor": 0.0,
    "sharpe": 0.0,
    "sortino": 0.0,
    "max_drawdown": 0.0,
    "win_rate": 0.0,
    "n_trades": 0,
    "avg_duration_h": 0.0,
    "fees": 0.0,
    "n_windows": 15,
    "positive_windows": 0,
    "positive_window_pct": 0.0,
    "windows_traded": 0,
    "is_pf_mean": 0.0,
    "final_equity": 10000.0
  },
  "ma_crossover|ETH/USDT|5m": {
    "total_return": -0.031139887878932515,
    "profit_factor": 0.4984386184016324,
    "sharpe": -2.894815323128348,
    "sortino": -2.5195743987624066,
    "max_drawdown": -0.03763375762745036,
    "win_rate": 0.29333333333333333,
    "n_trades": 75,
    "avg_duration_h": 4.134444444444445,
    "fees": 147.05589795934634,
    "n_windows": 15,
    "positive_windows": 4,
    "positive_window_pct": 0.26666666666666666,
    "windows_traded": 14,
    "is_pf_mean": 0.9873511227122634,
    "final_equity": 9688.601121210675
  },
  "ma_crossover|ETH/USDT|15m": {
    "total_return": 0.0,
    "profit_factor": 0.0,
    "sharpe": 0.0,
    "sortino": 0.0,
    "max_drawdown": 0.0,
    "win_rate": 0.0,
    "n_trades": 0,
    "avg_duration_h": 0.0,
    "fees": 0.0,
    "n_windows": 15,
    "positive_windows": 0,
    "positive_window_pct": 0.0,
    "windows_traded": 0,
    "is_pf_mean": 0.0,
    "final_equity": 10000.0
  },
  "ma_crossover|SOL/USDT|5m": {
    "total_return": -0.04890913731350233,
    "profit_factor": 0.3461427424840208,
    "sharpe": -3.9137545361199413,
    "sortino": -3.0948938920591735,
    "max_drawdown": -0.05394561550383799,
    "win_rate": 0.29069767441860467,
    "n_trades": 86,
    "avg_duration_h": 3.9001937984496124,
    "fees": 167.71085758671325,
    "n_windows": 15,
    "positive_windows": 0,
    "positive_window_pct": 0.0,
    "windows_traded": 15,
    "is_pf_mean": 0.7121763727894075,
    "final_equity": 9510.908626864977
  },
  "ma_crossover|SOL/USDT|15m": {
    "total_return": 0.0,
    "profit_factor": 0.0,
    "sharpe": 0.0,
    "sortino": 0.0,
    "max_drawdown": 0.0,
    "win_rate": 0.0,
    "n_trades": 0,
    "avg_duration_h": 0.0,
    "fees": 0.0,
    "n_windows": 15,
    "positive_windows": 0,
    "positive_window_pct": 0.0,
    "windows_traded": 0,
    "is_pf_mean": 0.0,
    "final_equity": 10000.0
  },
  "rsi_mean_reversion|BTC/USDT|5m": {
    "total_return": -0.06008435110565746,
    "profit_factor": 0.37577187798949124,
    "sharpe": -5.1023989695674405,
    "sortino": -4.708340830262084,
    "max_drawdown": -0.0609676733725395,
    "win_rate": 0.40569395017793597,
    "n_trades": 281,
    "avg_duration_h": 4.350533807829182,
    "fees": 545.4410510434201,
    "n_windows": 15,
    "positive_windows": 1,
    "positive_window_pct": 0.06666666666666667,
    "windows_traded": 15,
    "is_pf_mean": 0.474998842284,
    "final_equity": 9399.156488943425
  },
  "rsi_mean_reversion|BTC/USDT|15m": {
    "total_return": -0.007585015094672909,
    "profit_factor": 0.8667472250392645,
    "sharpe": -0.6251894513599096,
    "sortino": -0.44802898450364015,
    "max_drawdown": -0.022083949575427253,
    "win_rate": 0.6428571428571429,
    "n_trades": 112,
    "avg_duration_h": 11.026785714285714,
    "fees": 221.50754797551153,
    "n_windows": 15,
    "positive_windows": 7,
    "positive_window_pct": 0.4666666666666667,
    "windows_traded": 15,
    "is_pf_mean": 0.9550981950074753,
    "final_equity": 9924.14984905327
  },
  "rsi_mean_reversion|ETH/USDT|5m": {
    "total_return": -0.07802145825787088,
    "profit_factor": 0.43297333964200957,
    "sharpe": -4.915871439614226,
    "sortino": -4.68024726456418,
    "max_drawdown": -0.07891300498879263,
    "win_rate": 0.4943820224719101,
    "n_trades": 267,
    "avg_duration_h": 4.342696629213483,
    "fees": 512.4828671567425,
    "n_windows": 15,
    "positive_windows": 2,
    "positive_window_pct": 0.13333333333333333,
    "windows_traded": 15,
    "is_pf_mean": 0.5744805806169511,
    "final_equity": 9219.785417421292
  },
  "rsi_mean_reversion|ETH/USDT|15m": {
    "total_return": -0.013088393983518132,
    "profit_factor": 0.8135416964858656,
    "sharpe": -0.8628540881946122,
    "sortino": -0.6619625848044566,
    "max_drawdown": -0.022904108132138657,
    "win_rate": 0.6732673267326733,
    "n_trades": 101,
    "avg_duration_h": 9.207920792079205,
    "fees": 200.79463527778404,
    "n_windows": 15,
    "positive_windows": 3,
    "positive_window_pct": 0.2,
    "windows_traded": 15,
    "is_pf_mean": 0.9396995564587818,
    "final_equity": 9869.116060164819
  },
  "rsi_mean_reversion|SOL/USDT|5m": {
    "total_return": -0.0721280336255804,
    "profit_factor": 0.5070033079670555,
    "sharpe": -4.127070132533752,
    "sortino": -4.026589524805999,
    "max_drawdown": -0.08096052502110244,
    "win_rate": 0.5458015267175572,
    "n_trades": 262,
    "avg_duration_h": 3.6383587786259546,
    "fees": 500.0687835791036,
    "n_windows": 15,
    "positive_windows": 4,
    "positive_window_pct": 0.26666666666666666,
    "windows_traded": 15,
    "is_pf_mean": 0.6433545397665916,
    "final_equity": 9278.719663744196
  },
  "rsi_mean_reversion|SOL/USDT|15m": {
    "total_return": -0.013122241087122344,
    "profit_factor": 0.8316447909070525,
    "sharpe": -0.829161569086628,
    "sortino": -0.6763398512900404,
    "max_drawdown": -0.027355383475463988,
    "win_rate": 0.6491228070175439,
    "n_trades": 114,
    "avg_duration_h": 8.638157894736842,
    "fees": 225.22486681680647,
    "n_windows": 15,
    "positive_windows": 7,
    "positive_window_pct": 0.4666666666666667,
    "windows_traded": 15,
    "is_pf_mean": 1.021671644967527,
    "final_equity": 9868.777589128777
  },
  "breakout|BTC/USDT|5m": {
    "total_return": -0.1154485753708554,
    "profit_factor": 0.3909628167182319,
    "sharpe": -8.649065214906654,
    "sortino": -10.708268781892079,
    "max_drawdown": -0.11650480753233602,
    "win_rate": 0.3002680965147453,
    "n_trades": 373,
    "avg_duration_h": 2.6456657730116175,
    "fees": 703.5485744629132,
    "n_windows": 15,
    "positive_windows": 0,
    "positive_window_pct": 0.0,
    "windows_traded": 15,
    "is_pf_mean": 0.4254798212573876,
    "final_equity": 8845.514246291446
  },
  "breakout|BTC/USDT|15m": {
    "total_return": -0.07412727031174016,
    "profit_factor": 0.32453801581662606,
    "sharpe": -6.317179500164841,
    "sortino": -7.618991362159237,
    "max_drawdown": -0.07742715137402774,
    "win_rate": 0.22916666666666666,
    "n_trades": 144,
    "avg_duration_h": 6.581597222222222,
    "fees": 277.77445452383574,
    "n_windows": 15,
    "positive_windows": 0,
    "positive_window_pct": 0.0,
    "windows_traded": 15,
    "is_pf_mean": 0.5133423615435737,
    "final_equity": 9258.727296882598
  },
  "breakout|ETH/USDT|5m": {
    "total_return": -0.13821299884971305,
    "profit_factor": 0.4369500068412228,
    "sharpe": -8.411905894789777,
    "sortino": -12.247009206377413,
    "max_drawdown": -0.1386471881397424,
    "win_rate": 0.2736318407960199,
    "n_trades": 402,
    "avg_duration_h": 2.720149253731343,
    "fees": 745.5157756097026,
    "n_windows": 15,
    "positive_windows": 1,
    "positive_window_pct": 0.06666666666666667,
    "windows_traded": 15,
    "is_pf_mean": 0.5883567886883184,
    "final_equity": 8617.87001150287
  },
  "breakout|ETH/USDT|15m": {
    "total_return": -0.04255305980536195,
    "profit_factor": 0.6461489054584567,