{
  "measured_at": "2026-07-10T12:09:51.298763+00:00",
  "n_samples": 30,
  "symbols": {
    "BTC/USDT": {
      "mean": 1.5538375460035593e-07,
      "median": 1.5540225727305792e-07,
      "p95": 1.5543814547635938e-07,
      "max": 1.5544157028375733e-07,
      "floor": 0.0001,
      "used_spread": 0.0001,
      "top_of_book_depth_usd_median": 11994.563745774998
    },
    "ETH/USDT": {
      "mean": 5.557842452505536e-06,
      "median": 5.5588136422825644e-06,
      "p95": 5.56045184231165e-06,
      "max": 5.560761045751665e-06,
      "floor": 0.0001,
      "used_spread": 0.0001,
      "top_of_book_depth_usd_median": 8201.03942775
    },
    "SOL/USDT": {
      "mean": 0.00012621962572857963,
      "median": 0.0001262466865275038,
      "p95": 0.00012628654416860395,
      "max": 0.00012628654416860395,
      "floor": 0.0002,
      "used_spread": 0.0002,
      "top_of_book_depth_usd_median": 15755.3488925
    }
  }
}